Project Name,Version Number
org.codehaus.groovy:groovy-jdk14,1.6.0
net.sourceforge.tink:tink-app,0.0.1
com.pavelvlasov:jsel,1.1
org.codehaus.groovy:groovy-all,1.1-beta-2
org.codehaus.gant:gant_groovy1.5,1.5.0
org.cyclopsgroup:jcli,1.0-alpha-1
org.ow2.frascati.factory:frascati-factory-tools,1
org.hammurapi:historyoutput,3.17.0
net.sf.jipcam:jipcam,0.9.1
org.apache.directory.server:apacheds-server-tools,1.0.0
groovy:groovy-all-minimal,1
maven:commons-jelly,1.0.1-20060717
org.andromda.maven.plugins:andromda-cartridge-plugin,3.2
org.apache.tuscany.sca:tuscany-contrib2wsdl,1.5
org.spark-project.hive:hive-service,0.13.1
org.apache.hama:hama-core,0.3.0-incubating
com.googlecode.linkedin-j:linkedin-j,1.0.416
com.legsem.legstar:legstar-cob2xsd,0.3.3
org.kaazing:robot.all,0.0.0.10
org.apache.hive:hive-common,0.10.0
net.bpelunit:net.bpelunit.utils.bptstool,1.6.1
org.apache.sqoop:sqoop-client,1.99.1
org.smali:util,2.0.3
org.ow2.orchestra.common:gwt-soapui,4.9.0
com.rabbitmq:rabbitmq-client,1.3.0
org.codehaus.plexus:plexus-cli,1
org.krysalis:krysalis-barcode,1.0beta
org.italiangrid:voms-clients,3.0.5
de.skiptag.roadrunner:roadrunner-netty,0.1
org.perfcake:perfcake,0.3.1
fr.iscpif.gridscale:glite-security-voms_2.11,1.1
net.peachjean.modularwebapp:modularwebapp,1.0.0
org.apache.maven.plugins:maven-release-plugin,2.0-beta-2
org.assertj:assertj-assertions-generator,1.3.0
org.easyb:easyb,0.7
edu.vt.middleware:vt-ldap,3.3.1
com.tngtech.java:config-builder,1
groovy:groovy-all,1.1-beta-1
uk.bl.wa.discovery:solr-shade,2.0.0
edu.uiuc.ncsa.security:ncsa-security-util,1.0.6
com.nflabs.zeppelin:zeppelin-cli,0.1.0
org.apache.servicemix.bundles:org.apache.servicemix.bundles.elasticsearch,2.0.0_1
net.dongliu:apk-parser,1.4.2
org.caffinitas.ohc:ohc-benchmark,0.2
com.groupon.odo:client,1.0.0-beta.10
org.apache.synapse:Apache-Synapse,2.0.0
io.brooklyn.example:brooklyn-example-hello-world-hadoop-jar,0.4.0
org.moeaframework:moeaframework,2.1
info.mikaelsvensson.devtools:analysis,1.2
org.graphchi:graphchi-java_2.10,0.2.1
com.netflix.governator:governator-commons-cli,1.10.1
org.grooscript:grooscript,0.4.4
com.netflix.raigad:raigad-es-extensions,132.0.2
eu.ralph-schuster:b4j,1.1
commons-jelly:commons-jelly-tags-soap,20040902.07
com.legsem.legstar:protobuf-cobol,0.1
eu.ralph-schuster:icescrum-stylesheets,1.0.0
com.github.widebase:widebase-plant_2.9.2,0.2.3
org.ow2.orchestra:orchestra-axis,4.4.0
org.mule:mule-core,1.4.0
org.objectweb.proactive:proactive-programming,5.1.0
org.cassandraunit:cassandra-unit,1.0.1.4
cc.twittertools:twitter-tools-core,1.4.0
com.netflix.priam:priam,1.1.20
org.objectweb.proactive:proactive-programming-bundle,5.2.0-update-10
com.baulsupp.kolja:kolja-curses,0.9.1
com.celexus:conniption,1.0.2
at.salzburgresearch.nodekeeper:nodekeeper-java,1.1
net.dongliu.apk-parser:apk-parser,1
net.sourceforge.jeuclid:jeuclid-cli,3.1.1
org.hudsonci.stapler:commons-jelly,1.1-hudson-20120704
de.vandermeer:svg2vector,1.0.0
com.github.markusbernhardt:xml-doclet,1.0.0
eu.unicore:unicore-client-wrapper,1.6.0-p4_1
com.haulmont.yarg:yarg,1.0.26
jmscts:jmscts,0.5-b2
org.apache.hive:hive-beeline,0.11.0
org.carrot2:morfologik-stemming,1.2.2
org.bitbucket.t1ck:t1ck-merger_2.9.1,0.1.0
eu.ralph-schuster:baselib,1.2.2
net.seedboxer:ftp-common,0.6
commons-jelly:commons-jelly-tags-jsl,20040902.07
org.jumpmind.symmetric:symmetric-ds,1.3.2
org.sonatype.nexus:nexus-indexer,1.0.0
com.netflix.exhibitor:exhibitor-standalone,1.0.0
org.jvnet.hudson:commons-jelly,1.1-hudson-20071021
com.github.timurstrekalov:saga-cli,1.4.2
org.apache.bookkeeper:bookkeeper-server,4.0.0
org.spark-project.hive:hive-beeline,0.12.0
cc.twittertools:twitter-tools,1.0.0
org.wikibrainapi:wikibrain-utils,0.0.1
org.apache.qpid:qpid-amqp-1-0-client,0.18
com.cognifide.securecq:secure-cq,1.0.1
com.findwise.hydra:hydra-core,0.2.0
net.sf.clirr:clirr-core,0.6
pl.touk:sputnik,1.1.0
org.apache.zookeeper:zookeeper,3.5.0-alpha
org.kie.modules:org-apache-commons-cli-main,6.1.0.Beta1
no.antares:clu.hitman,0.5
org.seqdoop:hadoop-bam,7.0.0
org.apache.commons:commons-jci-examples,1
org.linkedin:org.linkedin.zookeeper-cli-impl,1.1.0
org.apache.marmotta:ldpath-backend-file,3.0.0-incubating
org.apache.maven.release:maven-release-manager,1.0-alpha-5
org.easyb:easyb-dbunit-plugin,0.7
org.apache.maven.plugins:maven-projecthelp-plugin,2.0-beta-1
net.myrrix:myrrix-web,0.7
com.8x8.cloud:swagger2raml,1.0.0
org.duracloud.tools:prefixupdatetool,1.0.0
org.openfast:openfast,1.0.1
org.cleartk:cleartk-ml-libsvm-tk,2.0.0
org.apache.james:apache-jspf,0.9.5
org.apache.stanbol:org.apache.stanbol.entityhub.indexing.geonames,0.10.0-incubating
uk.bl.wa.warc-explorer:warc-explorer-player,1.0.0
org.akhikhl.gretty:gretty-starter,1.1.0
com.yammer.dropwizard:dropwizard-core,0.1.0
org.daisy.pipeline.modules:dtbook-to-daisy3,2.1.2
ch.sahits:sahitsUtil,1.2.4
groovy:groovy-all-1.0-jsr,5
org.sonatype.nexus:nexus-webapp-compile,1.4.0
edu.jhu.pacaya:pacaya,2.0.1
org.openbel:org.openbel.framework.core,2.0.0
net.antidot:db2triples,1.0.1
org.apache.hadoop:hadoop-common,0.22.0
org.apache.ivy:ivy,2.0.0-beta1
genjava:gj-tools,1
com.findwise.hydra:hydra-inserter,0.4.0
com.replash:replash-options,0.7
commons-jelly:commons-jelly-tags-swt,20040902.07
org.apache.hama:hama,0.2.0-incubating
com.netflix.raigad:raigad,132.0.2
com.wizecommerce:hecuba-client,0.0.44
org.apache.hive:hive-service,0.13.0
net.sourceforge.jeuclid:jeuclid-mathviewer,3.1.0
org.cethos.tools:ninepatch-convert,1.0.0
org.apache.rat:apache-rat-project,0.1
guru.nidi.raml:raml-tester-proxy,0.0.1
checkstyle:checkstyle,4.2
com.coherentlogic.coherent.data-model:demo-application,0.9.0
com.github.sharispe:slib-tools-module,0.9
geronimo:j2ee-system-experimental,1
org.drombler.commons:drombler-commons-fx-core,0.1
org.hudsonci.stapler:commons-jelly-tags-junit,1.0-hudson-20120704
com.sumologic.api.client:sumo-java-client,2
org.smali:baksmali,2.0.3
org.rundeck:rundeck-core,1.4.4
us.codecraft:webmagic-scripts,0.7.1
com.taobao.metamorphosis:metamorphosis-tools,1.4.2
com.digitalpebble.behemoth:behemoth-language-id,1
com.juvenxu.portable-config-maven-plugin:portable-config-maven-plugin,1.1.0
io.joynr.examples:radio-app,0.27.0
edu.berkeley.cs.shark:hive-common,0.11.0-shark
io.github.repir:RepIRProx,0.25
com.enioka.jqm:jqm-engine,1.1.6
io.nuun:nuun-cli-plugin,1.0.M1
maven:maven,1
net.sf.dbmonster:dbmonster-core,1.0.4
org.springframework.amqp:spring-rabbit,1.0.0.RELEASE
org.apache.airavata:registry-tool,0.14
com.norconex.collectors:norconex-importer,2.0.0
org.apache.maven.indexer:indexer-core,3.1.0
org.jasig:ConfluenceIrcLogger,1.1.0
com.linkedin.pegasus:restli-tools,10.1.3
org.littleshoot:littleproxy,0.5
org.linkedin:org.linkedin.glu.agent-server-impl,1.1.0
org.jvnet.hudson.plugins:maven-dependency-update-trigger,1.1
com.octo.mtg:grails-0.6,0.2
jp.vmi:selenese-runner-java,1.0.0
org.cyclopsgroup:jmxterm,0.1
com.github.dreamhead:moco-runner,0.10.0
net.bpelunit:testsuitestats,1.6.1
org.apache.hadoop:hadoop-core,0.20.2
org.apache.maven.plugins:maven-plugin-plugin,2.0-beta-1
org.easyb:easyb-core,1.1
commons-jelly:commons-jelly-tags-html,20040902.07
org.fiware.kiara:kiaragen,0.1.0
org.bitbucket.deepdiff:deepdiff-app,1.0.0
si.urbas:icircles,0.0.1
org.apache.airavata:apache-airavata-client-java-sdk,0.12
org.spark-project.hive:hive-common,0.12.0
org.nuunframework:nuun-cli-plugin,1.0.0
org.hammurapi:historyinspector-db,3.17.0
com.vaadin:vaadin-theme-compiler,7.0.0
com.tinkerpop.rexster:rexster-console,2.1.0
org.gridgain:gridgain-hadoop2,6.0.2
net.sourceforge.jmol:jmol,12.0.47
com.io7m.jstructural:io7m-jstructural-tools,2.0.0
org.molgenis:molgenis-disease-matcher,1.2.0
org.rhq:rhq-server-control,4.10.0
com.bericotech:clavin,2.0.0
org.rhq:rhq-data-migration,4.10.0
nanocontainer:nanocontainer-distribution,1
org.objectweb.mind:mindoc,0.1-beta-1
org.drombler.commons:drombler-commons-fx-docking,0.3
org.codehaus.gant:gant_groovy1.9,1.9.6
com.twitter:scrooge-runtime_2.9.2,3.3.2
geronimo:upgrade-cli,1.1
org.apache.httpcomponents:httpcore-ab,4.2
org.hbasene:hbase-core,0.20.4
geronimo:client-system,1
openejb:openejb-builder,2.0-G1M5
edu.mit.simile:jpeg2rdf,1.1
com.ovea.tajin.server:tajin-server-core,1.0.b1
de.androbit:raml-converter,0.1
org.apache.hive:hive-metastore,0.10.0
org.codehaus.gant:gant_groovy1.6,1.5.0
com.saucelabs:ci-sauce,1.1
org.codehaus.sonar-plugins:sonarncss,0.1
org.apache.servicemix.bundles:org.apache.servicemix.bundles.hadoop-client,2.3.0_1
org.clueweb:clueweb-tools,0.1
com.vaadin:vaadin-buildhelpers,7.2.0
net.sourceforge.jeuclid:jeuclid-core,3.1.0
net.sf.jgap:jgap,3.4.4
org.apache.servicemix.bundles:org.apache.servicemix.bundles.hadoop-core,0.20.203.0_1
org.kohsuke.droovy:groovy,1.6.3-kohsuke-1
nl.systemsgenetics:GeneticRiskScoreCalculator,0.0.1
org.apache.qpid:qpid-broker,0.14
com.rabbitmq:amqp-client,1.3.0
commons-jelly:commons-jelly-tags-junit,20040902.06
com.buschmais.jqassistant.scm:jqassistant.scm.cli,1.0.0
groovy:groovy-1.0-jsr,1
org.apache.maven.doxia:doxia-converter,1
net.sf.barcode4j:barcode4j-fop-ext-0.20.5-complete,2
de.vandermeer:svg2emf,1.0.0
com.rockagen:commons-lib,0.1.10-RELEASE
org.apache.tuscany.sca:tuscany-node-launcher,2
commons-jelly:commons-jelly-tags-validate,20040902.07
net.myrrix:myrrix-client,0.4
com.cronutils:cron-utils,6.0.0
com.puppycrawl.tools:checkstyle,5.2
org.eclipse.birt.runtime.3_7_1:org.eclipse.birt.runtime,3.7.1
com.testingbot:TestingBotTunnel,1
com.github.ptgoetz:stemshell,0.1.0
net.sourceforge.segment:segment,1.4.0
com.google.code.maven-play-plugin.com.asual.lesscss:lesscss-engine,1.3.0-20120408
org.apache.juddi:uddi-migration-tool,3.2.0
org.apache.helix:helix-core,0.6.0-incubating
commons-jelly:commons-jelly-tags-jmx,20040902.07
com.twitter:scrooge-runtime_2.10,3.3.2
org.bitbucket.bradleysmithllc.etlunit:core,1.6.10
org.cethos.tools:ninebatch,1.1
org.apache.maven.plugins:maven-site-plugin,2.0-beta-1
org.gridgain:gridgain-platform,6.0.2
com.github.livesense:jodconverter-core,1.0.3
com.googlecode.foresite-toolkit:foresite,0.9
commons-jelly:commons-jelly-tags-quartz,20040902.07
openejb:openejb-core,2.0-G1M5
net.mindengine:galen,0.10.0
net.sf.jnrpe:jnrpe-lib,1.0.1-beta-01
com.bah.lucene:lucene-hdfs-directory,0.3.0
org.apache.tika:tika-server,1.1
org.eclipse.xtext:org.eclipse.xtext.xtext,2.5.0
org.codehaus.groovy:groovy,1.1-beta-2
com.alexkasko.krakatau:krakatau-cli,1
com.netflix.eureka2:eureka-server,2.0.0-DP1
com.googlecode.etl-unit:etlunit-core,1.6.0
com.googlecode.ssd-utils:java-launcher,0.0.1
org.sculptorgenerator:sculptor-generator-library,3.0.0
org.codehaus.jtstand:jtstand-ui,1
de.skiptag.roadrunner:roadrunner-vertx,0.1
com.github.riccardove.easyjasub:easyjasub-cmd,0.1.0
org.apache.cassandra:apache-cassandra,0.7.10
com.github.axet:lookup,0.0.1
com.adaptrex:adaptrex-tools,1.0-Alpha2
org.mitre:json-web-key-generator,0.1
io.sightly:io.sightly.tck,1.0.0
org.bonitasoft.engine:bonita-server,7.4.0
org.apache.maven:maven-core,2
directory-clients:ldap-clients,0.9
uk.ac.ebi.gxa:atlas-test,2.0-rc1
org.kaazing:robot.junit,0.0.0.2
groovy:groovy,1
edu.vt.middleware:vt-crypt,2.1.1
org.codehaus.gant:gant_groovy1.7,1.5.0
org.grouplens.lenskit:lenskit-eval,1.1
org.hammurapi:hammurapi-db,3.17.0
org.akhikhl.gretty:gretty-runner,1.1.0
org.jumpmind.symmetric:symmetric,1.4.0
org.ldaptive:ldaptive,1
org.springframework.ldap:spring-ldap-odm,1.3.2.RELEASE
org.bitbucket.t1ck:t1ck-notify_2.9.1,0.1.0
com.asual.lesscss:lesscss-engine,1.3.0
commons-jelly:commons-jelly-tags-avalon,20040902.07
com.github.cflint:CFLint,0.10.0
org.gridgain:gridgain-hpc,6.1.5
eu.socialsensor:multimedia-indexing,0.2
com.github.widebase:widebase-plant_2.9.1,0.2.2
com.mgmtp.perfload:perfload-perfmon,2.2
com.googlecode.linkedin-j:linkedin-j-examples,1.0.416
com.woorea:openstack-console,3.0.0
org.apache.hive:hive-cli,0.10.0
org.hbasene:hadoop-core,0.20.2-with-200-826
com.plausiblelabs.warwizard:warwizard-core,0.4.5
org.wikibrainapi:wikibrain-loader,0.0.1
org.jcoderz.fawkez:fawkez-commons,2.0.0
commons-jelly:commons-jelly-tags-define,20030211.14
me.jaimegarza:syntax,4.0.0
com.capgemini.platina.maven.release:maven-release-manager,1.0-platina-1
be.dnsbelgium:rdap-client,0.3.3
net.peachjean.overeasy:overeasy,0.1.0
com.stanfy.helium:command-line,0.5.2
net.ripe.rpki:rpki-validator-cli,2.1
edu.usf.cims:cas-server-extension-token,0.6.0
com.twitter:parquet-tools,1.4.0
org.apache.tuscany.sca:tuscany-composite-diagram,2
org.wiztools.wizcrypt:wizcrypt,2.1
org.apache.servicemix.bundles:org.apache.servicemix.bundles.hbase,0.90.4_1
commons-jelly:commons-jelly-tags-ant,1.1
org.commonjava.aprox.embed:aprox-embedder-easyprox,0.18.0
org.codehaus.griffon:griffon-cli,0.9.2
com.springrts.springls:springls,0.36
org.apache.uima:uima-ducc-parent,1.0.0
org.apache.bookkeeper:bookkeeper-benchmark,4.1.0
edu.stanford.protege:org.protege.owl.server,2.0.5
org.rhq:rhq-cassandra-installer,4.10.0
htmlunit:htmlunit,1.3
cz.muni.fi.mathml:mathml-converter,1.5
org.openbel:org.openbel.framework.tools,2.0.0
nl.systemsgenetics:eqtl-functional-enrichment,0.0.1
edu.umd:cloud9,1.2.10
com.netflix.priam:priam-cass-extensions,1.1.51
org.solovyev.android:calculatorpp-core,1.6.3-a
com.twitter:scrooge-generator_2.10,17.10.0
org.graphchi:graphchi-java_2.11,0.2.1
com.milaboratory:mitcr,1
org.spark-project.hive:hive-cli,0.13.1
com.tkruse.gradle:gradle-groovysh-plugin,0.3.0
org.apache.felix:org.apache.felix.ipojo.ant,1.10.0
jardiff:jardiff,0.1
org.mule.modules:mule-module-boot,2.0-M1
com.digitalpebble.behemoth:behemoth-tika,1
nl.systemsgenetics:Genotype-IO,1.0.0
org.apache.marmotta:ldpath-backend-linkeddata,3.0.0-incubating
nanocontainer:nanocontainer-booter,1
com.revolsys.open:com.revolsys.open.core,0.20160922.121113-CPF_5_0_0-RELEASE
org.bitbucket.t1ck:t1ck-notify_2.9.2,0.1.1
com.selesse:jxlint,1.3.0
net.sf.jnrpe:jcheck_nrpe,2.0.3
org.broadleafcommerce:broadleaf-paypal,2.0.0-GA
com.netflix.suro:suro-server,0.2.1
org.codehaus.plexus:plexus-component-metadata,1.0.0
nanocontainer:nanocontainer,1
org.owasp:dependency-check-core,1.0.0
com.crawljax:crawljax-web,3.5
org.codehaus.gant:gant,1.0.0
org.timen:timen,1.0.13
org.drombler.commons:drombler-commons-client-docking,0.3
com.shankyank.jni:jni-loader,0.1
org.everit.osgi.dev:org.everit.osgi.dev.lqmg,2.0.0
br.com.caelum.tubaina:tubaina,1.1.0
com.googlecode.jgenhtml:jgenhtml,1.5
org.carrot2:morfologik-stemming-nodict,1.2.2
net.sourceforge.jeuclid:jeuclid-foprep,2.9.8
nl.systemsgenetics:Genotype-Harmonizer,1.4.11
org.gridgain:gridgain-hadoop1,6.0.2
net.diibadaaba.zipdiff:zipdiff,1
com.twitter:scrooge_2.10,3.3.2
com.findwise.hydra:hydra-examples,0.3.1
com.github.widebase:widebase-notify_2.9.2,0.3.0
org.jbpm:report-core,1.0.0.Beta1
commons-jelly:commons-jelly-tags-interaction,1.1
com.nathanaelrota.cmmi.maven.requirements:requirements-plugin,2.2.0
org.makumba:makumba,0.8.2.6
com.pavelvlasov:jsel-db,1.1
com.opensearchserver:oss-text-extractor,1.0.0
com.taobao.metamorphosis:metamorphosis-server,1.4.0
org.apache.airavata:apache-airavata-server,0.12
org.bitbucket.bradleysmithllc.etlunit:etlunit-core,1.8.18
uk.co.grahamcox.spring-cli:spring-cli,0.6
com.jimmoores:quandl,0.8.1
com.soulgalore:crawler,1.3
com.sencha.gxt:gxt-themebuilder,3.1.0
org.eiichiro.ash:ash-java,0.0.1
com.github.jpbetz:cli-util,1
com.twitter:scrooge_2.9.2,3.3.2
org.objectweb.proactive:proactive-programming-mao-bundle,12
de.akquinet.gomobile.android.rindirect:rindirect-generator,0.4.0
com.googlecode.icegem:icegem-cache-utils,0.8.4
org.fusesource.maven.doxia:doxia-converter,1.2
com.google.code.maven-play-plugin.org.apache.hadoop:hadoop-core,0.20.2-with-200-826
net.peachjean.confobj:config-objects,0.1.0
de.vandermeer:skb-commons,0.0.1
org.spark-project.hive:hive-metastore,0.13.1
net.sf.jcgrid:jcgrid,0.05
com.github.oboehm:gdv-xport,0.7.0
com.github.houbie:lesscss,0.7-less-1.4.1
com.ovea:tajin-util,1.57.ga
org.apache.stratos:org.apache.stratos.cli,3.0.0-incubating
org.apache.hbase:hbase,0.90.0
org.hammurapi:historyoutput-db,3.17.0
org.linkedin:org.linkedin.glu.agent-cli-impl,1.3.0
net.sf.squirrel-sql.plugins:dbcopy,3.3.0
at.newmedialab.ldpath:ldpath-backend-file,2.6.0
com.netflix.priam:priam-dse-extensions,1.1.51
org.codehaus.gant:gant_groovy1.8,1.9.10
com.browseengine.bobo:bobo-browse,3.0.0
org.apache.jackrabbit:oak-solr-embedded,0.1
net.sf.barcode4j:barcode4j-fop-ext-complete,2
com.jolira:testing-tools,1.2.0
org.commonjava.aprox.embed:aprox-embedder-savant,0.18.0
com.netflix.raigad:raigad-web,132.0.2
de.mukis:config4cli,0.1.0
org.codenarc:CodeNarc,0.27.0
com.tinkerpop.rexster:rexster-server,0.8
org.kuali.rice:rice-tools-test,2.5.0
org.testatoo.container:testatoo-container-core,1.0.0
com.alexkasko.delta:delta-patch,1.1
org.ow2.docdoku:docdoku-server-web,1.1
org.apache.geronimo.plugins:car-maven-plugin,1.1
org.eclipse.birt.runtime:org.eclipse.birt.runtime,3.7.2.v20120214-1408
com.ovea.tajin.servers:tajin-server-core,1.0.b12
com.addthis:bark,2.0.0
org.apache.helix:helix-admin-webapp,0.6.1-incubating
ca.uhn.hapi:hapi-base,1.1
org.unitils.soapui:unitils-soapui,1.0.0
org.apache.tuscany.sca:tuscany-node-launcher-equinox,2
org.w3:ldp-testsuite,0.1.0
org.liquibase:liquibase-core,3.2.0
it.unibo.alchemist:alchemist,2.0.0
by.stub:stubby4j,1.0.57
org.apache.sqoop:sqoop-shell,1.99.3
org.apache.sqoop:sqoop,1.4.0-incubating
org.openprovenance.prov:prov-interop,0.7.1
org.apache.pig:pig,0.10.0
org.graphwalker:graphwalker,2.5.0
pl.touk.sputnik:sputnik,1.1.0
com.linkedin.pegasus:d2,10.1.3
org.apache.qpid:qpid-broker-core,0.26
com.facebook.hadoop:hadoop-core,0.20.0
org.rhq.helpers:rhq-metrics-simulator,4.10.0
org.onebusaway:onebusaway-cli,1.0.0
de.ipk-gatersleben:eDAL-MetaDataAPI-Server,2.2.0
org.rhq:rhq-server-metrics,4.10.0
org.apache.cassandra:cassandra-all,0.7.0
org.smali:smali,2.0.3
com.facebook.hadoop:hadoop-test,0.20.0
org.wikiclean:wikiclean,0.1
org.jpos:jpos,1.9.0
org.apache.flink:flink-clients,0.10.0
org.apache.tapestry:tapestry-runner,5.4.0
org.apache.maven:maven,3.5.0-alpha-1
org.gridgain:gridgain-datagrid,6.0.2
org.apache.flink:flink-runtime,0.10.0
org.akhikhl.gretty:gretty-core,1.2.1
org.gosu-lang.gosu:gosu-core-api,1.6
com.samsix:s6-util,1.0.1
com.github.andreptb:fitnesse-selenium-slim,0.1.0
org.jmxtrans:jmxtrans,247
eu.interedition:collatex-tools,1.6
io.github.myui:hivemall,0.3
de.hu-berlin.german.korpling.annis:annis-service,3.3.0
com.github.mercurydb:mercurydb,0.6.2
org.apache.phoenix:phoenix-pherf,4.4.0-HBase-0.98
org.apache.flink:flink-shaded-include-yarn-tests,0.10.1
com.n1analytics:javallier_2.10,0.5.0
com.github.cosysoft:device-api,0.9.0
net.lightbody.bmp:littleproxy,1.1.0-beta-bmp-1
com.facebook.stetho:stetho,1.0.0
com.github.sdnwiselab:sdn-wise-node,2.0.0
org.rundeck:rundeck-launcher,2.10.0
technology.tabula:tabula,0.8.0
org.perfcake:perfcake-agent,4.1
co.cask.hbase:hbase,0.94.6.1.cask
com.bugvm:bugvm-compiler,1.2.3
edu.usc.ir:lucene-geo-gazetteer,0.2
com.brightsparklabs:asanti,0.8.0
io.pity:api,2.0.1
de.hhu.stups:bmotion-prob,0.3.0
com.sysgears.grain:grain,0.5.0
com.github.ricksbrown:cowsay,1.0.0
eu.trentorise.opendata:josman,0.6.0
com.massisframework.massis:massis-app,1
com.lucidworks.spark:spark-solr,1.1.2
com.linkedin.gobblin:gobblin-api,0.0.0.mavenTest1
org.lwapp:lwapp-commons,1.0.GA
fr.faylixe:googlecodejam-client,1.0.0
it.unipi.di.acube:bat-framework,1
de.vandermeer:execs,0.0.3
org.apache.storm:flux,0.10.0
com.github.jasoma:stgradle,1.0.0
fr.faylixe:googlecodejam-client-osgi,1.1.2
tk.devrt:openrtm-aist-java,1.1.0
net.isucon.bench:isucon-bench,0.1.0
org.cassandraunit:cassandra-unit-shaded,2.1.9.2
org.hawkular.agent:wildfly-module-installer,0.11.1.Final
com.digitalpebble.stormcrawler:storm-crawler-core,1.1
com.linkedin.gobblin:gobblin-example,0.10.0
com.github.ptgoetz:flux,0.1.3
com.github.tntim96:fakesmtp,2
org.gridgain:gridgain-streaming,6.0.2
com.denimgroup.threadfix:threadfix-cli,2.2.0
uk.co.real-logic:aeron-tools,0.1
org.seedstack.seed:seed-cli,2.1.0
org.docbook:docbook-xslt2,2.0.13
commons-jelly:commons-jelly-tags-sql,20040902.07
org.linkeddatafragments:ldfserver,0.1.0
io.fabric8.elasticsearch:openshift-elasticsearch-plugin,5.6.9.1
cn.wanghaomiao:SeimiCrawler,1.3.0
com.moz.fiji.platforms:test-platform,0.1.0
com.moz.fiji.deps:spark-mllib,0.1.0
com.moz.fiji.hadoop:hadoop-configurator,0.1.6
com.moz.fiji.schema:fiji-schema-extras,0.1.13
com.moz.fiji.schema:fiji-schema-cassandra,0.1.8
com.moz.fiji.rest:fiji-rest-standard-plugin,0.1.6
com.moz.fiji.examples.phonebook:fiji-phonebook,0.1.3
com.moz.fiji.mapreduce:platform-api,0.1.13
com.moz.fiji.schema:fiji-schema-shell-lib,0.1.13
com.moz.fiji.deps:spark-core,0.1.0
com.moz.fiji.schema:schema-platform-api,0.1.13
com.moz.fiji.spark:fiji-spark-test,0.1.0
com.moz.fiji.spark:fiji-spark,0.1.6
org.dynamide:RestReplay,1.0.14
com.github.fancyerii:sc,1
org.apereo.cas:cas-server-support-ldap,5.2.0
com.google.api.grpc:grpc-google-common-protos,0.1.12
com.google.api.grpc:grpc-google-cloud-speech-v1beta1,0.1.12
com.google.api.grpc:grpc-google-cloud-logging-v2,0.1.12
com.google.api.grpc:grpc-google-cloud-error-reporting-v1beta1,0.1.12
com.google.api.grpc:grpc-google-cloud-vision-v1,0.1.12
com.google.api.grpc:grpc-google-cloud-trace-v1,0.1.12
com.google.api.grpc:grpc-google-cloud-pubsub-v1,0.1.12
com.google.api.grpc:grpc-google-cloud-monitoring-v3,0.1.12
com.hurence.logisland:logisland-querymatcher-plugin,0.10.2
com.floragunn:search-guard-2,5.0.0-alpha4-2a
com.floragunn:search-guard-5,5.0.0-10
com.linkedin.gobblin:gobblin-runtime,0.0.0.mavenTest1
com.linkedin.gobblin:gobblin-utility,0.0.0.mavenTest1
io.swagger:swagger-codegen,2.2.0
com.netflix.eureka:eureka2-server,2.0.0-rc.1
de.hhu.stups:prob2-ui-servlets,2.0.2
com.stateforge.statebuilder:statebuilder-common,3
org.tachyonproject:tachyon-examples,0.8.0
org.apache.flink:flink-shaded-hadoop2,0.10.1
cc.redpen:redpen-core,1.4.1
org.graxxia:graxxia,0.9
org.apache.nifi:nifi-toolkit-tls,1.0.0-BETA
com.github.workerframework:worker-store-cs,1.2.0-113
se.liu.imt.mi.snomedct:SnomedCTParser,0.1
org.semanticweb.yars:nxparser,1.2.10
org.apereo.cas:cas-server-core-authentication,5.2.0
com.hurence.logisland:logisland-elasticsearch-plugin,0.10.1
org.anc.json:validator,1.1.1
com.google.api.grpc:grpc-google-iam-v1,0.1.12
com.aliyun.odps:odps-mapred-bridge,0.24.0-public
com.qspin.qtaste.plugin:sikuli,3.0.0
org.alluxio:alluxio-core-server,1.0.0
org.alluxio:alluxio-shell,1.0.0
org.apache.tajo:tajo-cli,0.10.0
com.github.automately:automately-java,1.0.1
gr.iti.mklab:mklab-multimedia-indexing,0.1
com.amitapi:amit-compiler,1.0.0
com.conveyal:gtfs-lib,2.1.0
cn.enilu.tools:nutzwk-code-generator,1
org.visualdataweb.vowl.owl2vowl:OWL2VOWL,0.2.0
io.takari:xar,0.8.6
org.seedstack.seed:seed-shell,2.1.0
org.wildfly.security:wildfly-elytron-tool,1.0.0.Alpha2
org.alluxio:alluxio-examples,1.0.0
com.sumologic.shellbase:shellbase-core,1.0.0
cn.mapway:mapway-database,0.0.1
com.alibaba.jstorm:jstorm-core,2.1.0
com.yahoo.gondola:core,0.2.7
es.tid.netphony:pce,1.3.0
net.bican:jwordpress,0.6.1
org.opensky-network:libadsb,1.1
org.aksw.rdfunit:rdfunit-validate,0.7.18
org.leibnizcenter:rechtspraak,2.0.3
com.github.mauricioaniche:springlint,0.3
net.rapture:SelfPluginInstallerLib,3.0.0
com.baulsupp:oksocial,1.0.24
io.rhiot:camel-pi4j,0.1.1
com.teradata.tempto:tempto-runner,1.0.37
com.weaverplatform:sdk-java,3.2.0
com.franz:agraph-java-client,1.0.0
io.github.htools:htools,0.26
com.sikulix:sikulixapi,1.1.0
com.opensearchserver:oss-utils,1.0.0
com.github.sunlin901203:sunny,0.0.1
net.rapture:PluginInstallerLib,3.0.0
net.rapture:RaptureCommon,3.0.0
com.google.api.grpc:grpc-google-cloud-language-v1beta2,0.1.12
net.rapture:RaptureCore,3.0.0
org.apache.asterix:asterix-tools,0.8.8-incubating
net.rapture:Reflex,3.0.0
net.rapture:RaptureAPI,3.0.0
com.google.api.grpc:grpc-google-cloud-speech-v1,0.1.12
com.google.api.grpc:grpc-google-cloud-language-v1,0.1.12
net.rapture:RaptureAddinCore,3.0.0
net.rapture:PersistenceGen,3.0.0
net.rapture:ApiGen,3.0.0
net.rapture:PersistenceGenLib,3.0.0
net.rapture:CodeGenLib,3.0.0
net.rapture:SlateDocGenerator,3.0.0
com.baulsupp:oksocial-output,0.1
org.apache.flink:flink-runtime_2.10,1.0.0
org.apache.flink:flink-clients_2.10,1.0.0
org.apache.flink:flink-shaded-hadoop1_2.10,1.0.0-hadoop1
com.rabbitmq:perf-test,1.0.0
org.apache.hive:hive-service-rpc,2.1.0
com.facebook.presto.cassandra:cassandra-server,2.1.16-1
org.apache.airavata:airavata-commons,0.16
org.apache.flink:flink-shaded-hadoop1,0.10.1-hadoop1
com.google.cloud.bigtable:bigtable-hbase-1.2,0.9.5
org.apache.flink:flink-clients_2.11,0.10.0
org.apache.flink:flink-runtime_2.11,0.10.0
org.apache.flink:flink-shaded-hadoop2_2.11,0.10.1
org.hyperledger.fabric-sdk-java:fabric-sdk-java,0.6
org.apache.hive:hive-hplsql,2.0.0
com.google.api.grpc:proto-google-cloud-logging-v2,0.1.12
com.google.api.grpc:proto-google-common-protos,0.1.12
org.apereo.cas:cas-server-webapp-eureka-server,5.2.0
org.apereo.cas:cas-server-webapp-bootadmin-server,5.2.0
org.apereo.cas:cas-server-core-util,5.2.0
org.apereo.cas:cas-server-core-api-util,5.2.0
org.apereo.cas:cas-server-core-api-authentication,5.2.0
org.apereo.cas:cas-server-core-api-ticket,5.2.0
org.apereo.cas:cas-server-core-api-protocol,5.2.0
com.eternitywall:java-opentimestamps,1.1
com.google.api.grpc:proto-google-cloud-spanner-admin-instance-v1,0.1.12
com.google.api.grpc:proto-google-cloud-monitoring-v3,0.1.12
com.google.api.grpc:proto-google-cloud-language-v1beta2,0.1.12
com.google.api.grpc:proto-google-cloud-speech-v1,0.1.12
com.google.api.grpc:grpc-google-cloud-spanner-admin-instance-v1,0.1.12
com.google.api.grpc:proto-google-cloud-spanner-admin-database-v1,0.1.12
com.google.api.grpc:grpc-google-cloud-spanner-v1,0.1.11b
com.google.api.grpc:grpc-google-cloud-spanner-admin-database-v1,0.1.12
com.google.api.grpc:proto-google-cloud-spanner-v1,0.1.11b
com.google.api.grpc:proto-google-cloud-vision-v1,0.1.12
com.google.api.grpc:proto-google-cloud-language-v1,0.1.12
com.google.api.grpc:grpc-google-longrunning-v1,0.1.12
com.google.api.grpc:proto-google-cloud-speech-v1beta1,0.1.12
com.google.api.grpc:proto-google-longrunning-v1,0.1.12
com.google.api.grpc:proto-google-iam-v1,0.1.12
org.apereo.cas:cas-server-support-grouper,5.2.0
org.apereo.cas:cas-server-support-json-service-registry,5.2.0
org.apereo.cas:cas-server-support-rest-services,5.2.0
org.apereo.cas:cas-server-support-saml,5.2.0
org.apereo.cas:cas-server-support-rest,5.2.0
org.apereo.cas:cas-server-core-services,5.2.0
org.apereo.cas:cas-server-core-api-services,5.2.0
org.apereo.cas:cas-server-core-logout,5.2.0
org.apereo.cas:cas-server-core-web,5.2.0
org.apereo.cas:cas-server-core-events,5.2.0
org.apereo.cas:cas-server-core-api-web,5.2.0
org.apereo.cas:cas-server-core-api-logout,5.2.0
org.apereo.cas:cas-server-core-tickets,5.2.0
org.apereo.cas:cas-server-core-api-events,5.2.0
org.apereo.cas:cas-server-core-api-validation,5.2.0
org.apereo.cas:cas-server-core-api,5.2.0
org.apereo.cas:cas-server-support-jdbc,5.2.0
org.apereo.cas:cas-server-support-jdbc-drivers,5.2.0
org.apereo.cas:cas-server-support-jdbc-authentication,5.2.0
org.apereo.cas:cas-server-support-saml-idp,5.2.0
org.apereo.cas:cas-server-support-saml-googleapps-core,5.2.0
org.apereo.cas:cas-server-support-cookie,5.2.0
org.apereo.cas:cas-server-core,5.2.0
org.apereo.cas:cas-server-core-monitor,5.2.0
org.apereo.cas:cas-server-core-validation,5.2.0
org.apereo.cas:cas-server-core-audit,5.2.0
org.apereo.cas:cas-server-support-oauth-core,5.2.0
org.apereo.cas:cas-server-support-oidc-core,5.2.0
org.apereo.cas:cas-server-support-saml-idp-core,5.2.0
org.apereo.cas:cas-server-core-api-monitor,5.2.0
org.apereo.cas:cas-server-core-webflow,5.2.0
org.apereo.cas:cas-server-core-api-webflow,5.2.0
fr.univ-nantes.termsuite:termsuite-core,2
org.encryptor4j:encryptor4j,0.1
org.apereo.cas:cas-server-support-pac4j-webflow,5.2.0
org.apereo.cas:cas-server-support-pac4j,5.2.0
org.apereo.cas:cas-server-support-pac4j-core-clients,5.2.0
org.apereo.cas:cas-server-support-pac4j-core,5.2.0
com.aerospike:aerospike-helper-java,1.1
com.google.api.grpc:proto-google-cloud-pubsub-v1,0.1.12
org.apereo.cas:cas-server-support-geolocation,5.2.0
io.github.myui:hivemall-core,0.4.1-alpha.1
org.reaktivity:reaktor,0.1
eu.freme-project.e-services:publishing,0.8
io.snappydata:gemfire-core,1.5.0
com.google.api.grpc:proto-google-cloud-error-reporting-v1beta1,0.1.12
com.google.api.grpc:grpc-google-cloud-video-intelligence-v1beta1,0.1.12
com.google.api.grpc:proto-google-cloud-video-intelligence-v1beta1,0.1.12
com.google.api.grpc:proto-google-cloud-trace-v1,0.1.12
com.github.cschen1205:java-ai-minefield-navigator,1.0.1
org.apereo.cas:cas-server-webapp-init,5.2.0
org.apereo.cas:cas-server-support-throttle,5.2.0
org.apereo.cas:cas-server-support-validation,5.2.0
org.apereo.cas:cas-server-webapp-config,5.2.0
org.apereo.cas:cas-server-support-ldap-core,5.2.0
org.apereo.cas:cas-server-support-jpa-util,5.2.0
org.apereo.cas:cas-server-support-reports,5.2.0
org.apereo.cas:cas-server-support-pm,5.2.0
org.apereo.cas:cas-server-support-saml-core,5.2.0
org.apereo.cas:cas-server-support-themes,5.2.0
org.apereo.cas:cas-server-support-oauth-services,5.2.0
org.apereo.cas:cas-server-support-oauth-api,5.2.0
com.foreach.cwb:cwb-core,1.1.0.RELEASE
com.google.api-ads:adwords-extension-ratelimiter,0.1.0
org.petuum:jbosen,1
com.google.api.grpc:proto-google-cloud-dlp-v2beta1,0.1.13
com.google.api.grpc:grpc-google-cloud-dlp-v2beta1,0.1.13
org.apache.tika:tika-batch,1.1
cn.apiclub.third:jgap,3.6.2
com.google.cloud.bigtable:bigtable-hbase-1.3,0.9.6
org.apereo.cas:cas-server-support-rest-authentication,5.2.0
org.apereo.cas:cas-server-support-jpa-ticket-registry,5.2.0
org.apereo.cas:cas-server-support-jpa-service-registry,5.2.0
com.ibm.disni:disni,1.1
org.apereo.cas:cas-server-support-duo,5.2.0
tk.hongkailiu.test:test-app,0.0.3
com.bbossgroups.plugins:bboss-jodconverter-core,4.10.9
com.google.streetview.publish:java-streetview-publish,0.1.1
com.ibm.wala:com.ibm.wala.dalvik,1.4.1
com.qwazr:commons-cli-annotations,1.0.1
org.jasig.portal:uPortal-tools,5.0.0
fr.iscpif.gridscale:glite-security-voms_2.12,1.89
net.librec:librec-core,2.0.0
org.apereo.cas:cas-server-support-oauth-webflow,5.2.0
org.apereo.cas:cas-server-support-oidc,5.2.0
org.apereo.cas:cas-server-support-oauth,5.2.0
site.kason:kamons,1.0.0
edu.stanford.protege:code-generation,2.0.0
org.apereo.cas:cas-server-core-services-registry,5.2.0
org.apereo.cas:cas-server-support-person-directory,5.2.0
org.apereo.cas:cas-server-core-services-authentication,5.2.0
org.apereo.cas:cas-server-core-services-api,5.2.0
org.apereo.cas:cas-server-core-authentication-attributes,5.2.0
org.raml.jaxrs:jaxrs-code-generator,2.1.0
com.linkedin.gobblin:gobblin-admin,0.10.0
org.apereo.cas:cas-server-support-mongo,5.2.0
org.apereo.cas:cas-server-support-consent-api,5.2.0
org.apache.meecrowave:meecrowave-core,1.2.2
org.apereo.cas:cas-server-support-gauth-jpa,5.2.0
com.jimmoores:quandl-core,2.0.0
com.aliyun.odps:odps-udf-local,0.19.3-public
com.liumapp:DNSQueen,1.0.0
com.reprezen.kaizen:openapi-parser,0.0.1.201709142043
org.raml.jaxrs:jaxrs-to-raml-cli,2.1.0
com.oneops.boo:boo,1.0.10
de.petendi:seccoco-java,2.0.0
com.expleague:jmll,1
com.google.api.grpc:proto-google-cloud-dialogflow-v2beta1,0.1.24
com.liferay:com.liferay.portal.search.elasticsearch,1.0.0
com.alibaba.csb.sdk:http-client,1.1.4.0
org.bitbucket.goalhub.grammar:languageTools,2.0.3
nl.goodbytes.xmpp.xep:httpfileuploadcomponent,1.1.2
com.floragunn:search-guard-6,6.0.0-17.beta1
org.apereo.cas:cas-server-webapp-config-server,5.2.0
org.apereo.cas:cas-server-support-pm-webflow,5.2.0
org.apereo.cas:cas-server-core-configuration-metadata-repository,5.2.0-RC2
org.apereo.cas:cas-server-support-generic,5.2.0
com.taobao.tair:tair3-client,3.0.1.13
org.dkpro.argumentation:dkpro-argumentation-io,0.1.0
com.google.api.grpc:proto-google-cloud-datastore-v1,0.1.27
com.hurence.logisland:logisland-elasticsearch_5_4_0-client-service,0.10.1
com.hurence.logisland:logisland-elasticsearch_2_3_3-client-service,0.10.1
com.hurence.logisland:logisland-elasticsearch_2_4_0-client-service,0.10.1
com.google.api.grpc:proto-google-cloud-bigtable-v2,0.1.20
com.google.api.grpc:grpc-google-cloud-bigtable-v2,0.1.20
com.google.api.grpc:grpc-google-cloud-bigquerydatatransfer-v1,0.1.26
com.google.api.grpc:proto-google-cloud-container-v1,0.1.26
com.google.api.grpc:grpc-google-cloud-container-v1,0.1.26
com.google.api.grpc:grpc-google-cloud-dialogflow-v2beta1,0.1.24
com.google.api.grpc:proto-google-cloud-bigtable-admin-v2,0.1.20
com.google.api.grpc:proto-google-cloud-bigquerydatatransfer-v1,0.1.26
org.openbakery.coverage:CoverageReport,0.9
com.google.api.grpc:grpc-google-cloud-bigtable-admin-v2,0.1.20
com.google.api.grpc:grpc-google-cloud-firestore-v1beta1,0.1.20
com.google.api.grpc:proto-google-cloud-firestore-v1beta1,0.1.20
com.selesse:jxlint-cli,2.0.0
eu.fbk.twm:twm-utils,1.4
io.github.azagniotov:stubby4j,4.0.0
com.ontotext.graphdb:graphdb-free-runtime,8.6.0
de.javatux.jfortune:jfortune,0.5
com.moz.fiji.examples.music:fiji-music,0.1.6
com.moz.fiji.testing:fake-hbase,0.1.6
com.moz.fiji.platforms:cdh5.0-platform,0.1.0
com.moz.fiji.platforms:cdh5.1-platform,0.1.0
com.moz.fiji.platforms:cdh5.1-test-platform,0.1.0
com.moz.fiji.platforms:cassandra-test-platform,0.1.0
com.moz.fiji.platforms:compile-platform,0.1.0
com.moz.fiji.platforms:cdh5.3-test-platform,0.1.0
com.moz.fiji.platforms:cassandra-platform,0.1.0
com.moz.fiji.platforms:cdh5.3-platform,0.1.0
com.tistory.devilnangel:system-info,0.0.1
org.toile-libre.libe:curl,0.0.1
io.swagger:swagger-codegen-generators,1.0.0-rc0
de.rwth.i2:attestor,0.3.1
de.hhu.stups:de.prob2.kernel,2.0.0
de.hhu.stups:tla2bAST,1.0.8
com.ibm.narpc:narpc,1
org.lockss.laaws:lockss-core,1.0.0
org.apereo.cas:cas-server-webapp-tomcat,5.2.0
com.google.api.grpc:proto-google-cloud-vision-v1p2beta1,1.3.0
com.google.api.grpc:proto-google-cloud-speech-v1p1beta1,0.1.29
com.google.api.grpc:proto-google-cloud-trace-v2,0.1.24
com.google.api.grpc:proto-google-cloud-os-login-v1,0.1.28
com.google.api.grpc:proto-google-cloud-vision-v1p1beta1,0.1.26
org.apereo.cas:cas-server-support-yubikey-core-mfa,5.2.0
org.apereo.cas:cas-server-support-ws-idp-api,5.2.0
org.apereo.cas:cas-server-support-u2f-core,5.2.0
org.apereo.cas:cas-server-support-surrogate-api,5.2.0
org.apereo.cas:cas-server-support-token-core,5.2.0
org.apereo.cas:cas-server-support-surrogate-authentication,5.2.0
org.apereo.cas:cas-server-support-saml-mdui-core,5.2.0
org.apereo.cas:cas-server-support-saml-idp-ticket,5.3.0
org.apereo.cas:cas-server-support-saml-idp-metadata,5.3.0
org.apereo.cas:cas-server-support-pac4j-authentication,5.2.0
org.apereo.cas:cas-server-support-otp-mfa,5.2.0
org.apereo.cas:cas-server-support-oidc-services,5.2.0
org.apereo.cas:cas-server-core-api-throttle,5.3.0
org.apereo.cas:cas-server-core-api-audit,5.3.0
org.apereo.cas:cas-server-core-authentication-api,5.3.0
org.apereo.cas:cas-server-core-authentication-mfa,5.2.0
org.apereo.cas:cas-server-core-configuration-api,5.3.0
org.apereo.cas:cas-server-core-logout-api,5.3.0
org.apereo.cas:cas-server-core-util-api,5.3.0
org.apereo.cas:cas-server-core-cookie,5.3.0
org.apereo.cas:cas-server-core-tickets-api,5.3.0
org.apereo.cas:cas-server-core-cookie-api,5.3.0
org.apereo.cas:cas-server-support-throttle-core,5.3.0
org.apereo.cas:cas-server-core-validation-api,5.3.0
org.apereo.cas:cas-server-core-webflow-api,5.3.0
org.apereo.cas:cas-server-core-web-api,5.3.0
org.apereo.cas:cas-server-core-api-configuration,5.3.0
com.dev-smart:microdb-generator,0.3.0
org.apereo.cas:cas-server-support-memcached-ticket-registry,5.2.0
org.apereo.cas:cas-server-core-api-configuration-model,5.3.0
me.reactiv.fabric-java-sdk:fabric-java-sdk,0.6.0
org.cloudsimplus:cloudsim-plus-automation,1.2.4
org.talend.sdk.component:component-server,0.0.1
org.talend.sdk.component:component-tools,0.0.1
org.openstreetmap.atlas:atlas,5.0.0
de.digitalcollections:iiif-server-hymir,3.1.0
com.bbn.adept:adept-kb,2.7.3
com.centurylink.mdw:mdw-services,6.0.04
org.codehaus.groovy:groovy-cli-commons,2.5.0
org.metarchive.mex:mex-vocabulary,1.0.2b
com.elo7.nightfall:nightfall-di,1.0.1
com.github.prasanthj:hyperloglog,1
com.actiontestscript:ats-automated-testing,1.1.1
com.google.api.grpc:grpc-google-cloud-dlp-v2beta2,0.1.28
com.google.api.grpc:proto-google-cloud-video-intelligence-v1beta2,0.1.16
com.google.api.grpc:proto-google-appengine-v1,0.1.22
com.google.api.grpc:proto-google-cloud-dlp-v2beta2,0.1.28
com.google.api.grpc:grpc-google-cloud-os-login-v1,0.1.28
com.google.api.grpc:grpc-google-cloud-trace-v2,0.1.24
com.google.api.grpc:grpc-google-cloud-video-intelligence-v1beta2,0.1.17
com.google.api.grpc:grpc-google-cloud-video-intelligence-v1,0.1.25
com.google.api.grpc:grpc-google-cloud-datastore-v1,0.1.27
com.google.api.grpc:grpc-google-cloud-dataproc-v1,0.1.28
com.google.api.grpc:grpc-google-cloud-speech-v1p1beta1,0.1.29
com.google.api.grpc:grpc-google-cloud-vision-v1p1beta1,0.1.26
com.google.api.grpc:proto-google-cloud-dataproc-v1,0.1.28
com.google.api.grpc:proto-google-cloud-video-intelligence-v1,0.1.25
org.apereo.cas:cas-server-support-yubikey-jpa,5.2.0
fi.metatavu.mecm.reader:mecm-reader,0.0.10
org.apereo.cas:cas-server-support-eureka-client,5.2.0
com.github.secdec.astam-correlator:threadfix-cli-lib,1.2.10
org.apereo.cas:cas-server-documentation-swagger,5.2.0
de.wenzlaff.twflug:de.wenzlaff.twflug,0.0.1
org.apereo.cas:cas-server-support-yaml-service-registry,5.2.0
org.apereo.cas:cas-server-support-sqrl,5.2.0-RC2
org.apereo.cas:cas-server-support-interrupt-api,5.2.0
org.apereo.cas:cas-server-support-trusted-mfa,5.2.0
org.apereo.cas:cas-server-support-events-mongo,5.2.0
org.apereo.cas:cas-server-support-radius-core,5.2.0
org.apereo.cas:cas-server-support-pm-rest,5.2.0
org.apereo.cas:cas-server-support-throttle-jdbc,5.2.0
org.apereo.cas:cas-server-support-azure-core,5.2.0
org.apereo.cas:cas-server-support-x509,5.2.0
org.apereo.cas:cas-server-support-surrogate-authentication-jdbc,5.2.0
de.dentrassi.kura:kura-simulator,0.1.0
org.apereo.cas:cas-server-support-mongo-ticket-registry,5.2.0
org.eclipse.rdf4j:rdf4j-storage,2.3.0
io.protostuff:protostuff-cli,2.0.0-alpha27
org.apereo.cas:cas-server-support-fortress,5.2.0
it.unife.endif.ml:bundle,2.2
com.google.api:api-compiler,0.0.5
org.apereo.cas:cas-server-support-dynamodb-service-registry,5.2.0
org.apereo.cas:cas-server-support-couchbase-service-registry,5.2.0
org.apereo.cas:cas-server-support-ehcache-monitor,5.2.0
org.apereo.cas:cas-server-support-jdbc-monitor,5.2.0
org.apereo.cas:cas-server-support-consent-webflow,5.2.0
org.apereo.cas:cas-server-support-duo-core,5.2.0
org.apereo.cas:cas-server-support-pm-ldap,5.2.0
org.apereo.cas:cas-server-support-ignite-ticket-registry,5.2.0
org.apereo.cas:cas-server-support-interrupt-webflow,5.2.0-RC3
org.apereo.cas:cas-server-support-mongo-monitor,5.2.0
org.apereo.cas:cas-server-support-trusted-mfa-rest,5.2.0
org.apereo.cas:cas-server-support-authy-core,5.2.0
com.uber.tchannel:tchannel,0.3.1
org.apereo.cas:cas-server-support-consent-core,5.2.0
org.carewebframework:org.carewebframework.web.core,1.0.0-RC2
org.pistoiaalliance.helm:helm2-helmnotationparser,1.0.0
org.apereo.cas:cas-server-support-gauth-core-mfa,5.2.0
com.bbossgroups.bigdata:bigdata,4.10.8
org.apereo.cas:cas-server-support-rest-x509,5.2.0
org.apereo.cas:cas-server-support-ldap-monitor,5.2.0
org.apereo.cas:cas-server-support-influxdb-core,5.2.0
com.linkedin.gobblin:gobblin-aws,0.10.0
com.rapplogic:arduino-remote-uploader,0.1
com.google.api:toolkit,0.0.1
org.apereo.cas:cas-server-support-interrupt-core,5.2.0
com.buschmais.jqassistant:commandline,1.2.0
com.linkedin.gobblin:gobblin-cluster,0.10.0
org.apereo.cas:cas-server-support-gauth-mongo,5.2.0
com.meliorbis.economics:ModelSolver,1
org.apereo.cas:cas-server-support-infinispan-ticket-registry,5.2.0
org.apereo.cas:cas-server-support-cassandra-authentication,5.2.0
org.apereo.cas:cas-server-support-ws-idp,5.2.0
org.apereo.cas:cas-server-support-surrogate-authentication-ldap,5.2.0
info.unclewang:expert_es,1.0.0
org.friendularity:org.friendularity.bundle.qpid_broker_wrap,1.1.1
org.apereo.cas:cas-server-support-aup-jdbc,5.2.0
org.apereo.cas:cas-server-support-digest-authentication,5.2.0
nl.wimmelstein.impediment:keyexplorer,0.9.1
com.github.kciomek:polyrun,0.2.0
org.apereo.cas:cas-server-support-trusted-mfa-mongo,5.2.0
org.apereo.cas:cas-server-support-audit-mongo,5.2.0
org.apereo.cas:cas-server-support-hazelcast-core,5.2.0
org.apereo.cas:cas-server-support-spnego-webflow,5.2.0
com.opsmatters:newrelic-command,0.1.0
com.ibm.jnvmf:jnvmf,1
org.bitbucket.goalhub:runtime,2.0.3
com.github.lafa.tikaNoExternal:tika-batch,1.0.0
org.apereo.cas:cas-server-support-mongo-core,5.2.0
org.apereo.cas:cas-server-support-u2f-mongo,5.2.0
org.apereo.cas:cas-server-support-couchdb-core,5.3.0
org.pharmgkb:PharmCAT,0.1.1
org.apereo.cas:cas-server-support-shiro-authentication,5.3.0
org.apereo.cas:cas-server-support-rest-service-registry,5.2.1
net.serenity-bdd:serenity-cli,1.1.37-rc.6
org.apereo.cas:cas-server-support-saml-idp-metadata-mongo,5.3.0
uk.ac.ebi.interpro.scan:jms-implementation,5.19-58.0
org.apereo.cas:cas-server-support-configuration-cloud-aws-s3,5.3.0
org.majordodo:majordodo-core,0.10.1
org.apereo.cas:cas-server-support-redis-ticket-registry,5.2.0
com.github.hyukjinkwon:hive-cli,1.2.1.spark2
com.netflix.dynomitemanager:dynomitemanager-core,2.0.0
org.apereo.cas:cas-server-support-sms-clickatell,5.2.0
org.apereo.cas:cas-server-support-gauth-core,5.2.0
org.apereo.cas:cas-server-support-events-memory,5.2.0
org.apereo.cas:cas-server-support-shibboleth,5.2.0
org.signserver.jsign:jsign,1.2-signserver4
com.google.cloud.bigtable:bigtable-hbase-shaded,0.9.5
com.linkedin.gobblin:gobblin-service,0.10.0
jp.igapyon.diary:igapyonv3,1.3.13
com.twitter:scrooge-generator_2.12,17.10.0
com.github.hyukjinkwon:hive-beeline,1.2.1.spark2
com.google.cloud.bigtable:bigtable-hbase-shaded-for-dataflow,0.9.5
org.apereo.cas:cas-server-support-consent-ldap,5.2.0
com.github.kokorin.jaffree:jaffree,0.5.8
org.apereo.cas:cas-server-support-swivel-core,5.2.0
io.getlime.security:powerauth-java-cmd-lib,0.15.0
com.connexta.libero.core:libero-core,1.0.0
org.pharmgkb:pgkb-common-io,0.1.0
org.apereo.cas:cas-server-support-surrogate-authentication-rest,5.2.0
org.apereo.cas:cas-server-support-cassandra-core,5.2.0
org.apereo.cas:cas-server-support-grouper-core,5.2.0
it.anyplace.sync:a-sync-parent,1
org.apereo.cas:cas-server-support-configuration-cloud-vault,5.3.0
io.qaclana:qaclana-server-options,0.1.6510815
org.apereo.cas:cas-server-support-memcached-spy,5.3.0
org.apereo.cas:cas-server-support-hazelcast-discovery-azure,5.3.0
org.apereo.cas:cas-server-support-redis-core,5.2.0-RC3
org.apereo.cas:cas-server-support-hazelcast-monitor,5.2.0
org.apereo.cas:cas-server-support-service-registry-stream,5.2.0
org.apereo.cas:cas-server-support-consent-rest,5.2.0
org.jetbrains.xodus:xodus-sshd,1.0.5
io.projectreactor.addons:reactor-logback,3.0.3.RELEASE
io.github.litmus-benchmark-suite:gremlinator,1
org.apereo.cas:cas-server-support-cloud-directory-authentication,5.2.0
org.apereo.cas:cas-server-support-jms-ticket-registry,5.2.0
com.github.terran4j:terran4j-commons-jfinger,1.0.0.RELEASE
org.apereo.cas:cas-server-support-couchdb-service-registry,5.3.0-RC4
com.github.jjYBdx4IL.utils:cli-utils,1
com.floragunn:search-guard-tlstool,1
org.apereo.cas:cas-server-support-surrogate-webflow,5.2.0
org.apereo.cas:cas-server-support-couchbase-authentication,5.2.0-RC2
org.apereo.cas:cas-server-support-aup-rest,5.2.0
org.apereo.cas:cas-server-support-swivel,5.2.0
org.apereo.cas:cas-server-support-aup-ldap,5.2.0
org.apereo.cas:cas-server-support-radius-core-mfa,5.2.0
org.apereo.cas:cas-server-webapp-undertow,5.2.0
org.apereo.cas:cas-server-support-ldap-service-registry,5.2.0
org.apereo.cas:cas-server-support-throttle-mongo,5.3.0
org.apereo.cas:cas-server-support-cosmosdb-service-registry,5.3.0
org.apereo.cas:cas-server-support-configuration-cloud-mongo,5.3.0
org.apereo.cas:cas-server-support-consul-client,5.3.0
com.github.hyukjinkwon:hive-service,1.2.1.spark2
org.apereo.cas:cas-server-support-couchdb-ticket-registry,5.3.0
org.apereo.cas:cas-server-support-configuration-cloud-aws-secretsmanager,5.3.0
org.apereo.cas:cas-server-support-saml-idp-metadata-aws-s3,5.3.0
com.oneops:oneops-inventory,0.1.0
org.apereo.cas:cas-server-support-token-webflow,5.2.0
org.apereo.cas:cas-server-support-u2f-jpa,5.2.0
org.apereo.cas:cas-server-support-configuration-cloud-azure-keyvault,5.3.0
com.linkedin.gobblin:gobblin-yarn,0.0.0.mavenTest1
com.goldmansachs.obevo:obevo-maven-plugin,6.0.0
com.github.hyukjinkwon:hive-metastore,1.2.1.spark2
org.apereo.cas:cas-server-support-spnego,5.2.0
cc.redpen:redpen-server,1.4.1
org.apereo.cas:cas-server-support-yubikey-mongo,5.2.0
org.apereo.cas:cas-server-support-logging-config-splunk,5.3.0
org.apereo.cas:cas-server-support-ws-sts,5.2.0
com.github.prt2121:kpop-cli,0.1.1
org.apereo.cas:cas-server-support-duo-core-mfa,5.2.0
org.apereo.cas:cas-server-support-mongo-service-registry,5.2.0
org.apereo.cas:cas-server-support-configuration-cloud-kafka,5.3.0
com.reprezen.jsonoverlay:jsonoverlay,0.0.1.201803210221
org.apereo.cas:cas-server-support-wsfederation-webflow,5.2.0
org.apereo.cas:cas-server-support-audit-rest,5.3.0
org.apereo.cas:cas-server-webapp-jetty,5.2.0
org.apereo.cas:cas-server-support-rest-tokens,5.2.0
org.apereo.cas:cas-server-support-metrics,5.2.0
org.drombler.commons:drombler-commons-docking-spi,0.1
org.apereo.cas:cas-server-support-gua,5.2.0
org.apereo.cas:cas-server-support-openid-webflow,5.2.0
org.apereo.cas:cas-server-support-memcached-core,5.2.0
org.apereo.cas:cas-server-support-sms-twilio,5.2.0
org.apereo.cas:cas-server-support-token-authentication,5.2.0
nl.gogognome:messagepropertiessynchronizer,1.0.0
org.apereo.cas:cas-server-support-ehcache-ticket-registry,5.2.0
io.github.agentsoz:abm-jadex,1.0.0
org.apereo.cas:cas-server-support-consent-mongo,5.2.0
org.apereo.cas:cas-server-support-configuration-cloud-amqp,5.3.0
com.liferay:com.liferay.deployment.helper,1.0.3
org.apereo.cas:cas-server-support-hazelcast-discovery-jclouds,5.3.0
com.github.gkarthiks:s3-presigned-url,0.0.1
io.wcm.devops.conga.plugins:conga-aem-crypto-cli,1.6.0
jp.igapyon.blanco.apex.formatter.cli:blancoApexFormatterCli,1.0.1
org.scray:scray-client-jdbc,0.10.0
com.bbossgroups.bigdata:bigdata-web,4.10.8
org.apereo.cas:cas-server-support-syncope-authentication,5.3.0
org.apereo.cas:cas-server-support-redis-service-registry,5.2.0
org.mitre.secretsharing:secret-sharing-cli,1.1.2
com.contentful.generator:generator,0.9.0
org.apereo.cas:cas-server-support-generic-remote-webflow,5.2.0
org.apereo.cas:cas-server-support-remote-shell,5.2.0
com.github.hyukjinkwon:hive-common,1.2.1.spark2
org.apereo.cas:cas-server-support-hazelcast-discovery-aws,5.3.0
org.apereo.cas:cas-server-support-events-influxdb,5.2.0
eu.vytenis.skaitvardziai:skaitvardziai-core,1.1
com.hibegin:simplewebserver-cli,0.0.1
org.apereo.cas:cas-server-support-logging-config-cloudwatch,5.3.0
com.netflix.dynomitemanager:dynomitemanager-common,2.0.0
org.apereo.cas:cas-server-support-aup-webflow,5.2.0
me.andrz.findbugs:findbugs-diff,0.1.0
me.tonyrice.oss:jsync.io,1.10.14
org.apereo.cas:cas-server-support-configuration-cloud-jdbc,5.3.0
org.apereo.cas:cas-server-support-aup-mongo,5.2.0
org.apereo.cas:cas-server-support-token-tickets,5.2.0
org.apereo.cas:cas-server-support-aws,5.3.0
org.apereo.cas:cas-server-support-saml-idp-metadata-rest,5.3.0
org.apereo.cas:cas-server-support-memcached-aws-elasticache,5.3.0
org.apereo.cas:cas-server-support-dynamodb-core,5.3.0
org.apereo.cas:cas-server-support-configuration-cloud-dynamodb,5.3.0
org.pinae:sarabi,1
org.apereo.cas:cas-server-support-configuration-cloud-zookeeper,5.3.0
pl.pkk82:dropbox-manager,0.1.1
org.apereo.cas:cas-server-support-passwordless,5.3.0
org.apereo.cas:cas-server-core-rest,5.3.0
site.kason.kalang:kalang-compiler,1.0.0
org.apereo.cas:cas-server-support-sms-aws-sns,5.3.0
org.apereo.cas:cas-server-support-saml-idp-metadata-jpa,5.3.0
org.apereo.cas:cas-server-support-saml-idp-web,5.3.0-RC2
org.apereo.cas:cas-server-support-cosmosdb-core,5.3.0
org.apereo.cas:cas-server-support-yubikey,5.2.0
org.apereo.cas:cas-server-core-api-test-category,5.3.0
com.dtstack.jlogstash:jlogstash,1.0.0
org.apereo.cas:cas-server-core-audit-api,5.3.0
org.azyva.dragom:dragom-core,0.1.1
com.strapdata.cassandra:cassandra-all,3.0.10
com.linkedin.gobblin:gobblin-scheduler,0.0.0.mavenTest1
fr.inria.gforge.spoon.labs:gumtree-spoon-ast-diff,0.1
io.github.ganchix:testcontainers-java-module-ganache,0.0.1
com.google.api.grpc:proto-google-cloud-dlp-v2,0.2.0
com.github.codemonstur:htmlcompiler,1.0.0
io.spot-next:spot-core,1.0.0-BETA-20180807-68abee4
org.apache.bookkeeper:bookkeeper-server-shaded,4.6.1
kr.jmlab:jm-metric,0.2.0
org.apereo.cas:cas-server-support-discovery-profile,5.2.0
com.github.sbaudoin:yamllint,1.0.0
com.google.api.grpc:grpc-google-cloud-video-intelligence-v1p1beta1,0.5.0
com.tencent.tars:tars-maven-plugin,1.0.3
com.google.api.grpc:proto-google-cloud-video-intelligence-v1p1beta1,0.5.0
com.hurence.logisland:logisland-redis_4-client-service,0.14.0
com.hurence.logisland:logisland-solr_5_5_5-client-service,0.14.0
org.apache.hive:hive-upgrade-acid,3.1.0
org.pdown:core,1
org.hyperledger.fabric-chaincode-java:fabric-chaincode-shim,1.3.0
org.openapitools:openapi-generator,3.0.0
io.prestodb.tempto:tempto-runner,1.41
com.google.api.grpc:grpc-google-cloud-dlp-v2,0.2.0
com.google.api.grpc:grpc-google-cloud-vision-v1p2beta1,1.3.0
org.apereo.cas:cas-server-core-api-mfa,6.0.0-RC3
org.apereo.cas:cas-server-core-authentication-mfa-api,6.0.0-RC3
org.apereo.cas:cas-server-core-authentication-throttle,6.0.0-RC2
io.swagger.codegen.v3:swagger-codegen-generators,1.0.0
io.swagger.codegen.v3:swagger-codegen,3.0.0
de.dfki.cos.basys.platform.runtime:de.dfki.cos.basys.platform.runtime.component.registry.zookeeper,0.2.0
com.fluxtion:root-parent-pom,1.5.1
org.apereo.cas:cas-server-core-webflow-mfa-api,6.0.0
com.gitee.l0km:common-cli,1.0.0
com.centurylink.mdw:mdw-hub,6.1.13
org.apereo.cas:cas-server-webapp-init-bootadmin-server,6.0.0
org.apereo.cas:cas-server-support-soap-authentication,6.0.0
org.apereo.cas:cas-server-support-oauth-uma-core,6.0.0
org.apereo.cas:cas-server-support-u2f-couchdb,6.0.0
org.apereo.cas:cas-server-support-trusted-mfa-couchdb,6.0.0
org.apereo.cas:cas-server-support-hazelcast-discovery-kubernetes,6.0.0
com.edmunds:databricks-rest-client,2.0.3
com.sonalake:utah-parser,1.0.1
org.apereo.cas:cas-server-support-session-jdbc,6.0.0
org.apereo.cas:cas-server-webapp-init-config-server,6.0.0
org.icij.extract:extract-cli,2.0.2
org.apereo.cas:cas-server-support-surrogate-authentication-couchdb,6.0.0
org.apereo.cas:cas-server-support-throttle-hazelcast,5.3.4
org.apereo.cas:cas-server-support-consent-couchdb,6.0.0
com.github.vebqa:vebtal-manager,0.9.13
org.apereo.cas:cas-server-support-saml-idp-metadata-couchdb,6.0.0
org.apereo.cas:cas-server-support-simple-mfa,6.0.0
org.apereo.cas:cas-server-support-sms-nexmo,6.0.0
org.apereo.cas:cas-server-support-oauth-uma,6.0.0
org.apereo.cas:cas-server-support-throttle-bucket4j,6.0.0
org.apereo.cas:cas-server-support-hazelcast,5.3.4
org.apereo.cas:cas-server-support-logback,6.0.0
org.apereo.cas:cas-server-support-session-redis,6.0.0
org.apereo.cas:cas-server-support-geolocation-googlemaps,5.2.0
org.apereo.cas:cas-server-support-gauth-couchdb,6.0.0
com.github.chubbard:gratum,0.5.1
org.apereo.cas:cas-server-support-session-mongo,6.0.0
org.apereo.cas:cas-server-support-hazelcast-discovery-swarm,6.0.0
org.apereo.cas:cas-server-support-yubikey-couchdb,6.0.0
org.apereo.cas:cas-server-support-couchdb-authentication,6.0.0
com.github.beingcoder:openapi-generator,3.3.4
com.softwaremill:helisa-jgap_2.12,0.8.0
com.theartos:artos,0.0.1
software.amazon.awssdk:release-scripts,2.1.4
cn.wizzer.app:wk-code-generator-nb,5.0.5
org.opensourcebim:shared,1.5.10
nodecommons-express,1.0.0
nfccommons-freefare,1.0.0
picommons-kiosk,1.0.0
picommons-chrome,1.0.0
picommons-update,1.0.0
nodecommons-process,1.0.1
org.apereo.cas:cas-server-support-saml-core-api,6.0.0
network-repeater,1.0.0
com.alibaba.blink:flink-shaded-hadoop2,1.5.1
nodecommons-app,0.0.1
uomlibraryapps-sentry,0.0.1
uomlibraryapps-thumbnails,0.0.1
uomlibraryapps-loans,0.0.1
org.apereo.cas:cas-server-support-otp-mfa-core,6.0.0
nfc-desfire-card-service,0.0.1
uomlibraryapps-card-scanner-shared,0.0.1
org.apereo.cas:cas-server-support-trusted-mfa-core,6.1.0
org.apereo.cas:cas-server-support-token-core-api,6.1.0
org.apereo.cas:cas-server-support-pac4j-api,6.1.0
org.apereo.cas:cas-server-support-oauth-core-api,6.1.0
uomlibraryapps-card-scanner-events,0.0.2
uomlibraryapps-card-scanner-event-manager,0.0.2
org.apereo.cas:cas-server-core-webflow-mfa,6.0.0
nodecommons-app-angular,0.1.0
uomlibraryapps-card-scanner-hybrid,0.0.10
uomlibraryapps-card-scanner-database,0.0.2
uomlibraryapps-card-scanner-local,1.0.0
uomlibraryapps-card-scanner-remote,1.0.0
uomlibraryapps-card-scanner-hybrid-local,1.0.0
uomlibraryapps-card-scanner-hybrid-remote,1.0.0
